{"cameraMode":{"drawMode":0,"name":"Shaded","section":"Shading Mode"},"sceneLighting":true,"audioPlay":false,"sceneViewState":{"m_AlwaysRefresh":false,"showFog":true,"showSkybox":true,"showFlares":true,"showImageEffects":true,"showParticleSystems":true,"showVisualEffectGraphs":true,"m_FxEnabled":true},"in2DMode":false,"pivot":{"x":0.031171679496765138,"y":0.6466072797775269,"z":0.9746845960617065},"rotation":{"x":-0.24165181815624238,"y":-0.47538116574287417,"z":0.13763189315795899,"w":-0.834683358669281},"size":0.7739876508712769,"orthographic":false}