{"cameraMode":{"drawMode":0,"name":"Shaded","section":"Shading Mode"},"sceneLighting":true,"audioPlay":false,"sceneViewState":{"m_AlwaysRefresh":false,"showFog":true,"showSkybox":true,"showFlares":true,"showImageEffects":true,"showParticleSystems":true,"showVisualEffectGraphs":true,"m_FxEnabled":true},"in2DMode":false,"pivot":{"x":-0.9264177083969116,"y":0.9433845281600952,"z":1.874894618988037},"rotation":{"x":0.2336304783821106,"y":-0.002615397796034813,"z":0.0006269005825743079,"w":0.9723272323608398},"size":2.686654567718506,"orthographic":false}