{"cameraMode":{"drawMode":0,"name":"Shaded","section":"Shading Mode"},"sceneLighting":true,"audioPlay":false,"sceneViewState":{"m_AlwaysRefresh":false,"showFog":true,"showSkybox":true,"showFlares":true,"showImageEffects":true,"showParticleSystems":true,"showVisualEffectGraphs":true,"m_FxEnabled":true},"in2DMode":false,"pivot":{"x":227.22850036621095,"y":159.6652069091797,"z":28.405075073242189},"rotation":{"x":-0.07822953164577484,"y":0.0005952020874246955,"z":-0.00004637977690435946,"w":-0.9969383478164673},"size":181.4042510986328,"orthographic":false}