{"cameraMode":{"drawMode":0,"name":"Shaded","section":"Shading Mode"},"sceneLighting":true,"audioPlay":false,"sceneViewState":{"m_AlwaysRefresh":false,"showFog":true,"showSkybox":true,"showFlares":true,"showImageEffects":true,"showParticleSystems":true,"showVisualEffectGraphs":true,"m_FxEnabled":true},"in2DMode":false,"pivot":{"x":-0.7427135109901428,"y":1.2992069721221924,"z":-0.09510427713394165},"rotation":{"x":0.4172956049442291,"y":-0.010904834605753422,"z":0.005007782950997353,"w":0.9086924195289612},"size":1.3152546882629395,"orthographic":false}