{"cameraMode":{"drawMode":0,"name":"Shaded","section":"Shading Mode"},"sceneLighting":true,"audioPlay":false,"sceneViewState":{"m_AlwaysRefresh":false,"showFog":true,"showSkybox":true,"showFlares":true,"showImageEffects":true,"showParticleSystems":true,"showVisualEffectGraphs":true,"m_FxEnabled":true},"in2DMode":false,"pivot":{"x":157.87840270996095,"y":133.63372802734376,"z":-14.512107849121094},"rotation":{"x":-0.10805126279592514,"y":-0.029226558282971383,"z":0.0031781510915607216,"w":-0.9937139749526978},"size":171.85247802734376,"orthographic":false}