{"cameraMode":{"drawMode":0,"name":"Shaded","section":"Shading Mode"},"sceneLighting":true,"audioPlay":false,"sceneViewState":{"m_AlwaysRefresh":false,"showFog":true,"showSkybox":true,"showFlares":true,"showImageEffects":true,"showParticleSystems":true,"showVisualEffectGraphs":true,"m_FxEnabled":true},"in2DMode":false,"pivot":{"x":4.389724254608154,"y":3.923874855041504,"z":-2.0131964683532717},"rotation":{"x":0.3674929141998291,"y":0.0007531394367106259,"z":-0.0002999301068484783,"w":0.930033266544342},"size":1.2379796504974366,"orthographic":false}