{"cameraMode":{"drawMode":0,"name":"Shaded","section":"Shading Mode"},"sceneLighting":false,"audioPlay":false,"sceneViewState":{"m_AlwaysRefresh":false,"showFog":true,"showSkybox":false,"showFlares":true,"showImageEffects":true,"showParticleSystems":true,"showVisualEffectGraphs":true,"m_FxEnabled":true},"in2DMode":false,"pivot":{"x":-3.823315382003784,"y":0.03930816054344177,"z":-4.041095733642578},"rotation":{"x":-0.4044775664806366,"y":-0.058379702270030978,"z":0.025882437825202943,"w":-0.9123237133026123},"size":0.6828799247741699,"orthographic":false}