{"cameraMode":{"drawMode":0,"name":"Shaded","section":"Shading Mode"},"sceneLighting":false,"audioPlay":false,"sceneViewState":{"m_AlwaysRefresh":false,"showFog":true,"showSkybox":false,"showFlares":true,"showImageEffects":true,"showParticleSystems":true,"showVisualEffectGraphs":true,"m_FxEnabled":true},"in2DMode":false,"pivot":{"x":-4.560819625854492,"y":-0.12139177322387696,"z":-3.9194815158843996},"rotation":{"x":-0.23037710785865785,"y":0.1617187112569809,"z":-0.03885849565267563,"w":-0.9587903618812561},"size":0.8833839297294617,"orthographic":false}