{"cameraMode":{"drawMode":0,"name":"Shaded","section":"Shading Mode"},"sceneLighting":false,"audioPlay":false,"sceneViewState":{"m_AlwaysRefresh":false,"showFog":true,"showSkybox":false,"showFlares":true,"showImageEffects":true,"showParticleSystems":true,"showVisualEffectGraphs":true,"m_FxEnabled":true},"in2DMode":false,"pivot":{"x":0.15322089195251466,"y":0.4273112714290619,"z":0.0700269341468811},"rotation":{"x":0.0315236933529377,"y":-0.1327311098575592,"z":0.0042216721922159199,"w":0.9906466603279114},"size":0.1636440008878708,"orthographic":false}