{"cameraMode":{"drawMode":0,"name":"Shaded","section":"Shading Mode"},"sceneLighting":false,"audioPlay":false,"sceneViewState":{"m_AlwaysRefresh":false,"showFog":true,"showSkybox":false,"showFlares":true,"showImageEffects":true,"showParticleSystems":true,"showVisualEffectGraphs":true,"m_FxEnabled":true},"in2DMode":false,"pivot":{"x":-1.0199999809265137,"y":0.3709999918937683,"z":-0.10199999809265137},"rotation":{"x":-0.09576676785945893,"y":0.09005419164896012,"z":-0.008699851110577584,"w":-0.9912856817245483},"size":0.4374711811542511,"orthographic":false}