{"cameraMode":{"drawMode":0,"name":"Shaded","section":"Shading Mode"},"sceneLighting":false,"audioPlay":false,"sceneViewState":{"m_AlwaysRefresh":false,"showFog":true,"showSkybox":false,"showFlares":true,"showImageEffects":true,"showParticleSystems":true,"showVisualEffectGraphs":true,"m_FxEnabled":true},"in2DMode":false,"pivot":{"x":0.08012740314006806,"y":0.3581167459487915,"z":-0.04865032434463501},"rotation":{"x":-0.134870246052742,"y":0.019912052899599077,"z":-0.0027109694201499225,"w":-0.990665078163147},"size":1.1232274770736695,"orthographic":false}