{"cameraMode":{"drawMode":0,"name":"Shaded","section":"Shading Mode"},"sceneLighting":false,"audioPlay":false,"sceneViewState":{"m_AlwaysRefresh":false,"showFog":true,"showSkybox":false,"showFlares":true,"showImageEffects":true,"showParticleSystems":true,"showVisualEffectGraphs":true,"m_FxEnabled":true},"in2DMode":false,"pivot":{"x":0.08073323965072632,"y":0.31999877095222475,"z":0.0782463550567627},"rotation":{"x":-0.09561044722795487,"y":0.10639742016792298,"z":-0.01027868315577507,"w":-0.9896661639213562},"size":1.158214807510376,"orthographic":false}