{"cameraMode":{"drawMode":0,"name":"Shaded","section":"Shading Mode"},"sceneLighting":false,"audioPlay":false,"sceneViewState":{"m_AlwaysRefresh":false,"showFog":true,"showSkybox":false,"showFlares":true,"showImageEffects":true,"showParticleSystems":true,"showVisualEffectGraphs":true,"m_FxEnabled":true},"in2DMode":false,"pivot":{"x":-2.384185791015625e-7,"y":0.9148033857345581,"z":0.03727155923843384},"rotation":{"x":-0.3031785786151886,"y":-0.23015114665031434,"z":0.07571277767419815,"w":-0.9216290712356567},"size":0.8660253882408142,"orthographic":false}