{"cameraMode":{"drawMode":0,"name":"Shaded","section":"Shading Mode"},"sceneLighting":false,"audioPlay":false,"sceneViewState":{"m_AlwaysRefresh":false,"showFog":true,"showSkybox":false,"showFlares":true,"showImageEffects":true,"showParticleSystems":true,"showVisualEffectGraphs":true,"m_FxEnabled":true},"in2DMode":false,"pivot":{"x":0.8498846292495728,"y":0.49591097235679629,"z":1.1188398599624634},"rotation":{"x":-0.11213605850934982,"y":-0.0872327983379364,"z":0.009883556514978409,"w":-0.9898158311843872},"size":1.5115033388137818,"orthographic":false}