{"cameraMode":{"drawMode":0,"name":"Shaded","section":"Shading Mode"},"sceneLighting":false,"audioPlay":false,"sceneViewState":{"m_AlwaysRefresh":false,"showFog":true,"showSkybox":false,"showFlares":true,"showImageEffects":true,"showParticleSystems":true,"showVisualEffectGraphs":true,"m_FxEnabled":true},"in2DMode":false,"pivot":{"x":0.3037033677101135,"y":0.28555673360824587,"z":1.2433388233184815},"rotation":{"x":-0.1110692024230957,"y":0.01400929968804121,"z":-0.001564898993819952,"w":-0.9937217235565186},"size":2.326817512512207,"orthographic":false}