{"cameraMode":{"drawMode":0,"name":"Shaded","section":"Shading Mode"},"sceneLighting":false,"audioPlay":false,"sceneViewState":{"m_AlwaysRefresh":false,"showFog":true,"showSkybox":false,"showFlares":true,"showImageEffects":true,"showParticleSystems":true,"showVisualEffectGraphs":true,"m_FxEnabled":true},"in2DMode":false,"pivot":{"x":0.7226435542106628,"y":0.39712610840797427,"z":0.9116307497024536},"rotation":{"x":-0.17642872035503388,"y":-0.12454590201377869,"z":0.022511539980769159,"w":-0.9761510491371155},"size":1.2400438785552979,"orthographic":false}