{"cameraMode":{"drawMode":0,"name":"Shaded","section":"Shading Mode"},"sceneLighting":false,"audioPlay":false,"sceneViewState":{"m_AlwaysRefresh":false,"showFog":true,"showSkybox":false,"showFlares":true,"showImageEffects":true,"showParticleSystems":true,"showVisualEffectGraphs":true,"m_FxEnabled":true},"in2DMode":false,"pivot":{"x":-3.6050000190734865,"y":0.9340000152587891,"z":-0.5889999866485596},"rotation":{"x":0.22048106789588929,"y":0.004692072980105877,"z":-0.0010610586032271386,"w":0.9753832817077637},"size":0.35665732622146609,"orthographic":false}