{"cameraMode":{"drawMode":0,"name":"Shaded","section":"Shading Mode"},"sceneLighting":false,"audioPlay":false,"sceneViewState":{"m_AlwaysRefresh":false,"showFog":true,"showSkybox":false,"showFlares":true,"showImageEffects":true,"showParticleSystems":true,"showVisualEffectGraphs":true,"m_FxEnabled":true},"in2DMode":false,"pivot":{"x":0.18353229761123658,"y":0.2814273238182068,"z":1.0608152151107789},"rotation":{"x":0.20959500968456269,"y":-0.31496384739875796,"z":0.07151920348405838,"w":0.922918438911438},"size":1.1175954341888428,"orthographic":false}