{"cameraMode":{"drawMode":0,"name":"Shaded","section":"Shading Mode"},"sceneLighting":false,"audioPlay":false,"sceneViewState":{"m_AlwaysRefresh":false,"showFog":true,"showSkybox":false,"showFlares":true,"showImageEffects":true,"showParticleSystems":true,"showVisualEffectGraphs":true,"m_FxEnabled":true},"in2DMode":false,"pivot":{"x":-0.12226656824350357,"y":0.4565744400024414,"z":0.033042311668395999},"rotation":{"x":-0.12741771340370179,"y":-0.026184583082795144,"z":0.003364304779097438,"w":-0.9915000796318054},"size":0.7207369208335877,"orthographic":false}