{"cameraMode":{"drawMode":0,"name":"Shaded","section":"Shading Mode"},"sceneLighting":false,"audioPlay":false,"sceneViewState":{"m_AlwaysRefresh":false,"showFog":true,"showSkybox":false,"showFlares":true,"showImageEffects":true,"showParticleSystems":true,"showVisualEffectGraphs":true,"m_FxEnabled":true},"in2DMode":false,"pivot":{"x":5.460000038146973,"y":0.43700000643730166,"z":-0.6449999809265137},"rotation":{"x":-0.23508815467357636,"y":-0.0023355360608547928,"z":0.0005649375962093473,"w":-0.9719720482826233},"size":0.6666833162307739,"orthographic":false}