{"cameraMode":{"drawMode":0,"name":"Shaded","section":"Shading Mode"},"sceneLighting":true,"audioPlay":false,"sceneViewState":{"m_AlwaysRefresh":false,"showFog":true,"showSkybox":true,"showFlares":true,"showImageEffects":true,"showParticleSystems":true,"showVisualEffectGraphs":true,"m_FxEnabled":true},"in2DMode":false,"pivot":{"x":7.6479997634887699,"y":0.4367623031139374,"z":2.0033955574035646},"rotation":{"x":-0.2957993447780609,"y":0.010600348003208638,"z":-0.0032817476894706489,"w":-0.9551939368247986},"size":1.9026885032653809,"orthographic":false}