{"cameraMode":{"drawMode":0,"name":"Shaded","section":"Shading Mode"},"sceneLighting":true,"audioPlay":false,"sceneViewState":{"m_AlwaysRefresh":false,"showFog":true,"showSkybox":true,"showFlares":true,"showImageEffects":true,"showParticleSystems":true,"showVisualEffectGraphs":true,"m_FxEnabled":true},"in2DMode":false,"pivot":{"x":-15.800000190734864,"y":0.2200000137090683,"z":18.530000686645509},"rotation":{"x":-0.3356597125530243,"y":0.0048013110645115379,"z":-0.0017107406165450812,"w":-0.9419711232185364},"size":0.7021021246910095,"orthographic":false}