{"cameraMode":{"drawMode":0,"name":"Shaded","section":"Shading Mode"},"sceneLighting":true,"audioPlay":false,"sceneViewState":{"m_AlwaysRefresh":false,"showFog":true,"showSkybox":true,"showFlares":true,"showImageEffects":true,"showParticleSystems":true,"showVisualEffectGraphs":true,"m_FxEnabled":true},"in2DMode":false,"pivot":{"x":3.053133487701416,"y":1.1995575428009034,"z":2.107875108718872},"rotation":{"x":-0.23508815467357636,"y":-0.0023355360608547928,"z":0.0005649375962093473,"w":-0.9719720482826233},"size":4.119202136993408,"orthographic":false}