{"cameraMode":{"drawMode":0,"name":"Shaded","section":"Shading Mode"},"sceneLighting":true,"audioPlay":false,"sceneViewState":{"m_AlwaysRefresh":false,"showFog":true,"showSkybox":true,"showFlares":true,"showImageEffects":true,"showParticleSystems":true,"showVisualEffectGraphs":true,"m_FxEnabled":true},"in2DMode":false,"pivot":{"x":4.756007671356201,"y":1.2746162414550782,"z":0.37981128692626955},"rotation":{"x":-0.14677494764328004,"y":0.0065256995148956779,"z":-0.0009679248323664069,"w":-0.9891507029533386},"size":2.1856846809387209,"orthographic":false}