{"cameraMode":{"drawMode":0,"name":"Shaded","section":"Shading Mode"},"sceneLighting":true,"audioPlay":false,"sceneViewState":{"m_AlwaysRefresh":false,"showFog":true,"showSkybox":true,"showFlares":true,"showImageEffects":true,"showParticleSystems":true,"showVisualEffectGraphs":true,"m_FxEnabled":true},"in2DMode":false,"pivot":{"x":3.4207098484039308,"y":0.5464249849319458,"z":1.9846701622009278},"rotation":{"x":-0.2957993447780609,"y":0.010600348003208638,"z":-0.0032817476894706489,"w":-0.9551939368247986},"size":4.786342144012451,"orthographic":false}