{"cameraMode":{"drawMode":0,"name":"Shaded","section":"Shading Mode"},"sceneLighting":false,"audioPlay":false,"sceneViewState":{"m_AlwaysRefresh":false,"showFog":true,"showSkybox":false,"showFlares":true,"showImageEffects":true,"showParticleSystems":true,"showVisualEffectGraphs":true,"m_FxEnabled":true},"in2DMode":false,"pivot":{"x":0.15142080187797547,"y":0.6162275075912476,"z":-0.4317426085472107},"rotation":{"x":-0.020589256659150125,"y":0.8196892142295837,"z":-0.029521577060222627,"w":-0.5716769695281982},"size":0.4759643077850342,"orthographic":false}