{"cameraMode":{"drawMode":0,"name":"Shaded","section":"Shading Mode"},"sceneLighting":false,"audioPlay":false,"sceneViewState":{"m_AlwaysRefresh":false,"showFog":true,"showSkybox":false,"showFlares":true,"showImageEffects":true,"showParticleSystems":true,"showVisualEffectGraphs":true,"m_FxEnabled":true},"in2DMode":false,"pivot":{"x":0.546565592288971,"y":0.29534709453582766,"z":0.3144419193267822},"rotation":{"x":-0.11106090247631073,"y":0.01848115585744381,"z":-0.002065555425360799,"w":-0.9936400651931763},"size":1.2974491119384766,"orthographic":false}