{"cameraMode":{"drawMode":0,"name":"Shaded","section":"Shading Mode"},"sceneLighting":false,"audioPlay":false,"sceneViewState":{"m_AlwaysRefresh":false,"showFog":true,"showSkybox":false,"showFlares":true,"showImageEffects":true,"showParticleSystems":true,"showVisualEffectGraphs":true,"m_FxEnabled":true},"in2DMode":false,"pivot":{"x":0.39385324716567995,"y":0.5116305351257324,"z":-0.05006837844848633},"rotation":{"x":-0.25226184725761416,"y":-0.04584939405322075,"z":0.011966485530138016,"w":-0.966499388217926},"size":0.49884867668151858,"orthographic":false}