{"cameraMode":{"drawMode":0,"name":"Shaded","section":"Shading Mode"},"sceneLighting":false,"audioPlay":false,"sceneViewState":{"m_AlwaysRefresh":false,"showFog":true,"showSkybox":false,"showFlares":true,"showImageEffects":true,"showParticleSystems":true,"showVisualEffectGraphs":true,"m_FxEnabled":true},"in2DMode":false,"pivot":{"x":426.0745849609375,"y":246.47052001953126,"z":0.37851715087890627},"rotation":{"x":-0.06476370990276337,"y":0.003589634085074067,"z":-0.00023279909510165453,"w":-0.9978978633880615},"size":57.16225814819336,"orthographic":false}