{"cameraMode":{"drawMode":0,"name":"Shaded","section":"Shading Mode"},"sceneLighting":false,"audioPlay":false,"sceneViewState":{"m_AlwaysRefresh":false,"showFog":true,"showSkybox":false,"showFlares":true,"showImageEffects":true,"showParticleSystems":true,"showVisualEffectGraphs":true,"m_FxEnabled":true},"in2DMode":false,"pivot":{"x":5.460000038146973,"y":0.43700000643730166,"z":-0.6449999809265137},"rotation":{"x":0.2996121346950531,"y":-0.012106494046747685,"z":0.003800235688686371,"w":0.9539846181869507},"size":0.48989787697792055,"orthographic":false}