{"cameraMode":{"drawMode":0,"name":"Shaded","section":"Shading Mode"},"sceneLighting":false,"audioPlay":false,"sceneViewState":{"m_AlwaysRefresh":false,"showFog":true,"showSkybox":false,"showFlares":true,"showImageEffects":true,"showParticleSystems":true,"showVisualEffectGraphs":true,"m_FxEnabled":true},"in2DMode":false,"pivot":{"x":-0.6769999861717224,"y":0.7210000157356262,"z":-0.10199999809265137},"rotation":{"x":0.23998089134693147,"y":-0.05972394347190857,"z":0.014762907288968563,"w":0.968842625617981},"size":0.17320510745048524,"orthographic":false}