{"cameraMode":{"drawMode":0,"name":"Shaded","section":"Shading Mode"},"sceneLighting":false,"audioPlay":false,"sceneViewState":{"m_AlwaysRefresh":false,"showFog":true,"showSkybox":false,"showFlares":true,"showImageEffects":true,"showParticleSystems":true,"showVisualEffectGraphs":true,"m_FxEnabled":true},"in2DMode":false,"pivot":{"x":-0.4232237935066223,"y":0.5536390542984009,"z":0.09124267101287842},"rotation":{"x":-0.16595007479190827,"y":-0.031947340816259387,"z":0.00537921953946352,"w":-0.9856019020080566},"size":0.8959120512008667,"orthographic":false}