{"cameraMode":{"drawMode":0,"name":"Shaded","section":"Shading Mode"},"sceneLighting":false,"audioPlay":false,"sceneViewState":{"m_AlwaysRefresh":false,"showFog":true,"showSkybox":false,"showFlares":true,"showImageEffects":true,"showParticleSystems":true,"showVisualEffectGraphs":true,"m_FxEnabled":true},"in2DMode":false,"pivot":{"x":0.14422564208507539,"y":0.1654205024242401,"z":0.1043463945388794},"rotation":{"x":-0.10509753972291947,"y":0.01849299669265747,"z":-0.001953531987965107,"w":-0.9942981004714966},"size":0.47021055221557619,"orthographic":false}