{"cameraMode":{"drawMode":0,"name":"Shaded","section":"Shading Mode"},"sceneLighting":false,"audioPlay":false,"sceneViewState":{"m_AlwaysRefresh":false,"showFog":true,"showSkybox":false,"showFlares":true,"showImageEffects":true,"showParticleSystems":true,"showVisualEffectGraphs":true,"m_FxEnabled":true},"in2DMode":false,"pivot":{"x":-0.05209096521139145,"y":0.003570340573787689,"z":0.029467210173606874},"rotation":{"x":0.04512402415275574,"y":-0.08649253100156784,"z":0.003922601230442524,"w":0.9952270984649658},"size":0.39617931842803957,"orthographic":false}